feature,weight,std
본사시간외근무명령서승인건수,48.5637213294432,0.8824837573908115
본사출장자수,43.261730263144386,0.4412262608131828
본사정원수,42.15133432419516,0.5201431322162047
석식기온,41.09455280314582,0.3372630862523466
본사휴가자수,37.2258216324425,0.84207823109983
