feature,weight,std
본사출장자수,57.63548479814644,0.9169711229912613
본사시간외근무명령서승인건수,48.4750356615672,0.5851119819882977
중식기온,45.285051879318196,0.24307525582836417
본사정원수,43.65566470692198,0.8711681597261016
식사가능인원,42.57775875334871,0.8023489927934544
