feature,weight,std
본사시간외근무명령서승인건수,47.01020444882144,1.6606807541877113
본사휴가자수,19.225126913487934,0.9854548566513353
본사출장자수,11.059972645071442,0.7652354669559445
요일_금,10.556539087548822,0.4947461545250046
본사정원수,7.352696391532403,0.7556979110806213
