feature,weight,std
본사휴가자수,36.62480574322531,0.9000709736313258
본사출장자수,36.41695099721213,2.3194976394069364
요일_월,30.936747274675024,1.5021144088589011
요일_금,15.884202139455516,1.4663344225592463
본사시간외근무명령서승인건수,13.258537206359131,1.0916901399218097
