feature,weight,std
본사시간외근무명령서승인건수,0.845851338675527,0.0348750298970649
본사휴가자수,0.22990206132433783,0.01580043509596614
본사정원수,0.19417290754369507,0.01596360774358117
본사출장자수,0.15395391151645235,0.009514660095583527
확진자수,0.05374328056034494,0.006751156994167259
