feature,weight,std
요일_월,0.4317325399578369,0.011667949348588039
본사출장자수,0.2791881253802916,0.015405837859599744
본사휴가자수,0.23175172510354125,0.011945205619703825
요일_금,0.13313443037449438,0.010184403536296498
본사시간외근무명령서승인건수,0.12001529388269597,0.0063094070775791865
