feature,weight,std
본사휴가자수,0.2044301042866723,0.005021623732722526
요일_월,0.19362015330855323,0.008977570903555788
본사출장자수,0.19267713558674776,0.008787157562417058
본사정원수,0.09480897606655796,0.00939270732008494
본사시간외근무명령서승인건수,0.06928732305839218,0.006274501653623886
