feature,weight,std
본사시간외근무명령서승인건수,40.933216331912355,1.5116894120162374
본사정원수,15.48284317824935,0.9450762008151011
본사휴가자수,11.936584925330969,0.8511543859433487
본사출장자수,8.181457225229865,0.6225976721461562
요일_금,4.962654517915365,0.3351452187438923
