feature,weight,std
본사시간외근무명령서승인건수,0.5966556385953019,0.021228598760662992
본사휴가자수,0.20648063923427684,0.012678791815938794
본사출장자수,0.15525541402215365,0.009751650383139448
본사정원수,0.14571302320938126,0.010760309108187092
석식기온,0.08752316662123065,0.005158458864412596
