feature,weight,std
본사출장자수,0.25520732212242464,0.00879516578604656
요일_월,0.21273747534987347,0.008024189244761669
본사휴가자수,0.16979786144177572,0.0069317416271906405
본사시간외근무명령서승인건수,0.08476304268221498,0.003580253237278753
본사정원수,0.06263731231129954,0.0028891919922479402
